<?xml version='1.0' encoding='UTF-8'?>
<assembly xmlns="http://maven.apache.org/plugins/maven-assembly-plugin/assembly/1.1.0"
          xmlns:xsi="http://www.w3.org/2001/XMLSchema-instance"
          xsi:schemaLocation="http://maven.apache.org/plugins/maven-assembly-plugin/assembly/1.1.0
                    http://maven.apache.org/xsd/assembly-1.1.0.xsd">
    <id>${project.version}</id>
    <formats>
        <format>tar.gz</format>
    </formats>
    <includeBaseDirectory>true</includeBaseDirectory>
    <fileSets>
        <fileSet>
            <directory>src/main/resources/bin</directory>
            <outputDirectory>bin</outputDirectory>
            <fileMode>0755</fileMode>
            <directoryMode>0755</directoryMode>
            <lineEnding>unix</lineEnding>
        </fileSet>
        <fileSet>
            <directory>src/main/resources/conf</directory>
            <outputDirectory>conf</outputDirectory>
            <fileMode>0644</fileMode>
            <directoryMode>0755</directoryMode>
        </fileSet>
        <fileSet>
            <directory>src/main/resources/python</directory>
            <outputDirectory>python</outputDirectory>
            <fileMode>0644</fileMode>
            <directoryMode>0755</directoryMode>
        </fileSet>
        <fileSet>
            <directory>src/main/resources</directory>
            <outputDirectory>conf</outputDirectory>
            <fileMode>0644</fileMode>
            <directoryMode>0755</directoryMode>
            <includes>
                <include>*.properties</include>
                <include>*.yml</include>
            </includes>
        </fileSet>
        <!--
        <fileSet>
            <directory>src/main/resources/docs</directory>
            <outputDirectory>docs</outputDirectory>
        </fileSet>
        <fileSet>
            <directory>src/main/resources/keys</directory>
            <outputDirectory>keys</outputDirectory>
        </fileSet>
        <fileSet>
            <includes>
                <include>README.md</include>
            </includes>
            <outputDirectory></outputDirectory>
        </fileSet>
        -->
    </fileSets>
    <dependencySets>
        <dependencySet>
            <unpack>false</unpack>
            <useProjectArtifact>true</useProjectArtifact>
            <outputDirectory>lib</outputDirectory>
            <outputFileNameMapping>${artifact.artifactId}-${artifact.baseVersion}.${artifact.extension}</outputFileNameMapping>
            <fileMode>0644</fileMode>
            <directoryMode>0755</directoryMode>
            <scope>provided</scope>
        </dependencySet>
        <dependencySet>
            <unpack>false</unpack>
            <useProjectArtifact>true</useProjectArtifact>
            <outputDirectory>lib</outputDirectory>
            <outputFileNameMapping>${artifact.artifactId}-${artifact.baseVersion}.${artifact.extension}</outputFileNameMapping>
            <fileMode>0644</fileMode>
            <directoryMode>0755</directoryMode>
            <scope>system</scope>
        </dependencySet>
        <dependencySet>
            <unpack>false</unpack>
            <useProjectArtifact>true</useProjectArtifact>
            <outputDirectory>lib</outputDirectory>
            <outputFileNameMapping>${artifact.artifactId}-${artifact.baseVersion}.${artifact.extension}</outputFileNameMapping>
            <fileMode>0644</fileMode>
            <directoryMode>0755</directoryMode>
            <scope>runtime</scope>
        </dependencySet>
    </dependencySets>
</assembly>
